<?xml version="1.0" encoding="utf-8" ?><dwsync><file name="check_COLOR.png" server="timeglider.com" local="3401322277" remote="67825914960" /><file name="clover_COLOR.png" server="timeglider.com" local="3401322300" remote="72120882256" /><file name="gear_COLOR.png" server="timeglider.com" local="3401322363" remote="63530947664" /><file name="heart_COLOR.png" server="timeglider.com" local="3401322327" remote="67825914960" /><file name="lightning_COLOR.png" server="timeglider.com" local="3401322376" remote="85005784144" /><file name="moon_COLOR.png" server="timeglider.com" local="3401322337" remote="63530947664" /><file name="target_COLOR.png" server="timeglider.com" local="3401322312" remote="72120882256" /><file name="warning_COLOR.png" server="timeglider.com" local="3401322348" remote="76415849552" /></dwsync>